{
    "pageTitle": "charts variant",
    "breadcrumb": [
        { "path": "/", "text": "home" },
        { "text": "blocks" },
        { "text": "charts" }
    ],
    "revenue": {
        "title": "revenue report",
        "field": { 
            "icon": "calendar_month", 
            "option": ["year 2021", "year 2020", "year 2019", "year 2018", "year 2017", "year 2016", "year 2015"] 
        },
        "report": [
            { "icon": "cases", "variant": "blue", "label": "invested", "number": "3,387.67K" },
            { "icon": "bookmarks", "variant": "green", "label": "earnings", "number": "2,856.35K" },
            { "icon": "layers", "variant": "purple", "label": "expenses", "number": "1,994.12K" }
        ],
        "chart": [
            { "month": "JAN", "invest": 4000, "earning": 7400, "expense": 5789 },
            { "month": "FEB", "invest": 5000, "earning": 8398, "expense": 5789 },
            { "month": "MAR", "invest": 6000, "earning": 7800, "expense": 5789 },
            { "month": "APR", "invest": 3780, "earning": 5908, "expense": 5789 },
            { "month": "MAY", "invest": 7890, "earning": 4800, "expense": 5789 },
            { "month": "JUN", "invest": 9390, "earning": 5800, "expense": 5789 },
            { "month": "JUL", "invest": 5390, "earning": 7800, "expense": 5789 },
            { "month": "AGU", "invest": 6390, "earning": 7800, "expense": 5789 },
            { "month": "SEP", "invest": 8390, "earning": 5800, "expense": 5789 },
            { "month": "OCT", "invest": 8390, "earning": 4800, "expense": 5789 },
            { "month": "NOV", "invest": 4390, "earning": 7800, "expense": 5789 },
            { "month": "DEC", "invest": 5390, "earning": 6800, "expense": 5789 }
        ]
    },
    "crms": [
        {
            "content": { "icon": "summarize", "value": "6790", "label": "campaign sent" },
            "status": { "icon": "arrow_upward", "value": "45%", "label": "Since last week" },
            "variant": { "name": "blue", "deep": "#4094f1", "light": "#64b3f6" },
            "dataKey": { "label": "weeks", "title": "campaign" },
            "dataSet": [
                { "weeks": "S", "campaign": 4000 },
                { "weeks": "M", "campaign": 3000 },
                { "weeks": "T", "campaign": 5000 },
                { "weeks": "W", "campaign": 2780 },
                { "weeks": "T", "campaign": 1890 },
                { "weeks": "F", "campaign": 2390 },
                { "weeks": "S", "campaign": 3490 }
            ]

        },
        {
            "content": { "icon": "thumb_up", "value": "5397", "label": "leads generate" },
            "status": { "icon": "arrow_upward", "value": "35%", "label": "Since last week" },
            "variant": { "name": "orange", "deep": "#ff8c0a", "light": "#ffa732" },
            "dataKey": { "label": "weeks", "title": "leads" },
            "dataSet": [
                { "weeks": "S", "leads": 4000 },
                { "weeks": "M", "leads": 3000 },
                { "weeks": "T", "leads": 5000 },
                { "weeks": "W", "leads": 2780 },
                { "weeks": "T", "leads": 1890 },
                { "weeks": "F", "leads": 2390 },
                { "weeks": "S", "leads": 3490 }
            ]

        },
        {
            "content": { "icon": "forum", "value": "4278", "label": "deals customer" },
            "status": { "icon": "arrow_downward", "value": "25%", "label": "Since last week" },
            "variant": { "name": "green", "deep": "#27bf68", "light": "#4eda89" },
            "dataKey": { "label": "weeks", "title": "deals" },
            "dataSet": [
                { "weeks": "S", "deals": 4000 },
                { "weeks": "M", "deals": 3000 },
                { "weeks": "T", "deals": 5000 },
                { "weeks": "W", "deals": 2780 },
                { "weeks": "T", "deals": 1890 },
                { "weeks": "F", "deals": 2390 },
                { "weeks": "S", "deals": 3490 }
            ]

        },
        {
            "content": { "icon": "shopping_cart", "value": "3594", "label": "revenue booked" },
            "status": { "icon": "arrow_upward", "value": "15%", "label": "Since last week" },
            "variant": { "name": "purple", "deep": "#de2fff", "light": "#ed68ff" },
            "dataKey": { "label": "weeks", "title": "revenue" },
            "dataSet": [
                { "weeks": "S", "revenue": 4000 },
                { "weeks": "M", "revenue": 3000 },
                { "weeks": "T", "revenue": 5000 },
                { "weeks": "W", "revenue": 2780 },
                { "weeks": "T", "revenue": 1890 },
                { "weeks": "F", "revenue": 2390 },
                { "weeks": "S", "revenue": 3490 }
            ]
        }
    ],
    "heros": [
        {
            "variant": "green",
            "title": "total users",
            "number": "277",
            "icon": "account_circle",
            "trend": "trending_up",
            "percent": "+ 95%",
            "compare": "last month",
            "dotsMenu": {
                "dots": "more_vert",
                "dropdown": [
                    { "icon": "history", "text": "last day" },
                    { "icon": "history", "text": "last week" },
                    { "icon": "history", "text": "last month" },
                    { "icon": "history", "text": "last year" }
                ]
            }
        },
        {
            "variant": "purple",
            "title": "total orders",
            "number": "338",
            "icon": "shopping_cart",
            "trend": "trending_down",
            "percent": "- 30%",
            "compare": "last month",
            "dotsMenu": {
                "dots": "more_vert",
                "dropdown": [
                    { "icon": "history", "text": "last day" },
                    { "icon": "history", "text": "last week" },
                    { "icon": "history", "text": "last month" },
                    { "icon": "history", "text": "last year" }
                ]
            }
        },
        {
            "variant": "blue",
            "title": "total products",
            "number": "557",
            "icon": "shopping_bag",
            "trend": "trending_down",
            "percent": "- 25%",
            "compare": "last month",
            "dotsMenu": {
                "dots": "more_vert",
                "dropdown": [
                    { "icon": "history", "text": "last day" },
                    { "icon": "history", "text": "last week" },
                    { "icon": "history", "text": "last month" },
                    { "icon": "history", "text": "last year" }
                ]
            }
        },
        {
            "variant": "yellow",
            "title": "total reviews",
            "number": "166",
            "icon": "hotel_class",
            "trend": "trending_up",
            "percent": "+ 45%",
            "compare": "last month",
            "dotsMenu": {
                "dots": "more_vert",
                "dropdown": [
                    { "icon": "history", "text": "last day" },
                    { "icon": "history", "text": "last week" },
                    { "icon": "history", "text": "last month" },
                    { "icon": "history", "text": "last year" }
                ]
            }
        }
    ],
    "sales": {
        "title": "total sales",
        "amount": "$3,787,681.00",
        "percent": "40.63%",
        "trendIcon": "trending_up",
        "compare": "$3,578.90 in last month",
        "dotsMenu": {
            "dots": "more_horiz",
            "dropdown": [
                { "icon": "history", "text": "last day" },
                { "icon": "history", "text": "last week" },
                { "icon": "history", "text": "last month" },
                { "icon": "history", "text": "last year" }
            ]
        },
        "chart": [
            { "week": "fri", "sale": 2000 },
            { "week": "sat", "sale": 3000 },
            { "week": "san", "sale": 2000 },
            { "week": "mon", "sale": 2780 },
            { "week": "tue", "sale": 1890 },
            { "week": "wen", "sale": 2390 },
            { "week": "thu", "sale": 3490 }
        ]
    },
    "analytics": [
        {
            "digit": "136,758K", 
            "label": "impressions",
            "more": {
                "icon": "more_vert",
                "menu": [
                    { "icon": "history", "text": "last day" },
                    { "icon": "history", "text": "last week" },
                    { "icon": "history", "text": "last month" },
                    { "icon": "history", "text": "last year" }
                ]
            },
            "variant": { "name": "purple", "color": "#f3a0ff" },
            "dataKey": "uv",
            "dataSet": [
                { "name": "fri", "uv": 4000 },
                { "name": "sat", "uv": 3000 },
                { "name": "sun", "uv": 5000 },
                { "name": "mon", "uv": 2780 },
                { "name": "tue", "uv": 1890 },
                { "name": "wen", "uv": 2390 },
                { "name": "thu", "uv": 3490 }
            ]
        },
        {
            "digit": "125,964K", 
            "label": "engagements",
            "more": {
                "icon": "more_vert",
                "menu": [
                    { "icon": "history", "text": "last day" },
                    { "icon": "history", "text": "last week" },
                    { "icon": "history", "text": "last month" },
                    { "icon": "history", "text": "last year" }
                ]
            },
            "variant": { "name": "green", "color": "#89ecb3" },
            "dataKey": "pv",
            "dataSet": [
                { "name": "fri", "pv": 2400 },
                { "name": "sat", "pv": 1398 },
                { "name": "sun", "pv": 9800 },
                { "name": "mon", "pv": 3908 },
                { "name": "tue", "pv": 4800 },
                { "name": "wen", "pv": 3800 },
                { "name": "thu", "pv": 4300 }
            ]
        },
        {
            "digit": "141,253K", 
            "label": "conversions",
            "more": {
                "icon": "more_vert",
                "menu": [
                    { "icon": "history", "text": "last day" },
                    { "icon": "history", "text": "last week" },
                    { "icon": "history", "text": "last month" },
                    { "icon": "history", "text": "last year" }
                ]
            },
            "variant": { "name": "blue", "color": "#96cefa" },
            "dataKey": "am",
            "dataSet": [
                { "name": "fri", "am": 2400 },
                { "name": "sat", "am": 4210 },
                { "name": "sun", "am": 2290 },
                { "name": "mon", "am": 2000 },
                { "name": "tue", "am": 5181 },
                { "name": "wen", "am": 2500 },
                { "name": "thu", "am": 2100 }
            ]
        },
        {
            "digit": "154,179K", 
            "label": "bounce rate",
            "more": {
                "icon": "more_vert",
                "menu": [
                    { "icon": "history", "text": "last day" },
                    { "icon": "history", "text": "last week" },
                    { "icon": "history", "text": "last month" },
                    { "icon": "history", "text": "last year" }
                ]
            },
            "variant": { "name": "red", "color": "#ff9baa" },
            "dataKey": "xz",
            "dataSet": [
                { "name": "fri", "xz": 4000 },
                { "name": "sat", "xz": 3000 },
                { "name": "sun", "xz": 2000 },
                { "name": "mon", "xz": 2780 },
                { "name": "tue", "xz": 1890 },
                { "name": "wen", "xz": 2390 },
                { "name": "thu", "xz": 4490 }
            ]
        }
    ],
    "orders": {
        "title": "orders overview",
        "dotsMenu": {
            "dots": "more_horiz",
            "dropdown": [
                { "icon": "history", "text": "last day" },
                { "icon": "history", "text": "last week" },
                { "icon": "history", "text": "last month" },
                { "icon": "history", "text": "last year" }
            ]
        },
        "items": [
            { "name": "pending", "value": 547, "color": "purple", "icon": "pending" },
            { "name": "shipped", "value": 398, "color": "blue", "icon": "add_circle" },
            { "name": "recieved", "value": 605, "color": "green", "icon": "check_circle" },
            { "name": "cancelled", "value": 249, "color": "red", "icon": "cancel" },
            { "name": "refunded", "value": 176, "color": "yellow", "icon": "error" }
        ]
    },
    "device": {
        "title": "visitors device",
        "icon": "calendar_month",
        "option": ["year 2021", "year 2020", "year 2019", "year 2018", "year 2017", "year 2016", "year 2015"],
        "chart": [
            { "month": "JAN", "mobile": 4000, "desktop": 7400 },
            { "month": "FEB", "mobile": 5000, "desktop": 8398 },
            { "month": "MAR", "mobile": 6000, "desktop": 7800 },
            { "month": "APR", "mobile": 3780, "desktop": 5908 },
            { "month": "MAY", "mobile": 7890, "desktop": 4800 },
            { "month": "JUN", "mobile": 9390, "desktop": 5800 },
            { "month": "JUL", "mobile": 5390, "desktop": 7800 },
            { "month": "AGU", "mobile": 6390, "desktop": 7800 },
            { "month": "SEP", "mobile": 8390, "desktop": 5800 },
            { "month": "OCT", "mobile": 8390, "desktop": 4800 },
            { "month": "NOV", "mobile": 4390, "desktop": 7800 },
            { "month": "DEC", "mobile": 5390, "desktop": 6800 }
        ]
    }
}